1349004965541515279,#onpoli,2021-01-12 14:47,KateMarieGraham,"Ontario, do you want to know what the big news is today? Here it is. 

#COVID19 #onpoli https://t.co/3OKPxkKC1P"
1349097378666733570,#onpoli,2021-01-12 20:54,randyhillier,"Dear @fordnation your abuse of office is intolerable, your corruption of democratic power is reprehensible. I &amp; my‚Ä¶ https://t.co/hQMArqijhk"
1348731389454282756,#onpoli,2021-01-11 20:39,politicsfisher,People are dying &amp; being diagnosed with Covid &amp; yet @fordnation believes it's important to tell reporters how he ha‚Ä¶ https://t.co/D7ofRKKv98
1348757529245986817,#onpoli,2021-01-11 22:23,l_stone,#BREAKING: The board of St. Joseph‚Äôs Health System confirms they approved former CEO Tom Stewart‚Äôs Dominican Republ‚Ä¶ https://t.co/ORtrl2IMqW
1348964515929612288,#onpoli,2021-01-12 12:06,randyhillier,"Far too many, buts it‚Äôs not just being fired, it is also the fear of being ridiculed, marginalized or ostracized by‚Ä¶ https://t.co/s6RRFaqw0A"
1349061552226365440,#onpoli,2021-01-12 18:31,robertbenzie,"BREAKING: Ontario government issues ""stay-at-home order requiring everyone to remain at home with exceptions for es‚Ä¶ https://t.co/Dlvplz2mcG"
1349103021872082944,#onpoli,2021-01-12 21:16,randyhillier,"Over two weeks ago I posted this picture of having friends over to my house. Not one runny Nose, no fevers, no sore‚Ä¶ https://t.co/YSH3UgZk0b"
1349070967776096260,#onpoli,2021-01-12 19:09,StevenDelDuca,Today's announcement by @fordnation fell short of what was desperately needed. More confusion and unclear messages‚Ä¶ https://t.co/RX11tMXcqp
1349023816283021313,#onpoli,2021-01-12 16:01,TheBeaverton,"Ford exempts large US retailers from lockdown, but encourages Ontarians to ‚Äúblame locally‚Äù

https://t.co/Y6h56n6KLR‚Ä¶ https://t.co/pFSZkJRptr"
1348652411414585344,#onpoli,2021-01-11 15:26,l_stone,NEW: The Ontario NDP is calling for Chief Medical Officer of Health Dr. David Williams to attend the select committ‚Ä¶ https://t.co/SpeA5IH2Iu
1348658819782619138,#onpoli,2021-01-11 15:51,StevenDelDuca,"Today, Ontario‚Äôs #COVID19 death toll tragically topped 5,000. We need immediate military assistance to protect our‚Ä¶ https://t.co/EGBwXiNzKa"
1348980954006740999,#onpoli,2021-01-12 13:11,picardonhealth,"Doug Ford, take note: #StayAtHome  messaging means nothing for workers without paid sick days, by @GraphicMatt‚Ä¶ https://t.co/7zuzfjTGL0"
1349061559402831874,#onpoli,2021-01-12 18:31,Travisdhanraj,#BREAKING: Ontario Declares Second Provincial Emergency-- see new restrictions attached #ONpoli #COVID19 https://t.co/H9Dg6l9Mst
1348644778527879171,#onpoli,2021-01-11 14:55,maritstiles,The evidence has been there for months. It‚Äôs not enough to tell people to stay home if they risk losing a pay chequ‚Ä¶ https://t.co/3BU3HScEJM
1348660711271129088,#onpoli,2021-01-11 15:59,brianlilley,"BREAKING: Confirmed from a senior government source, Ontario public health officials are not recommending a curfew‚Ä¶ https://t.co/kmA2UBdE2b"
1348643551505240066,#onpoli,2021-01-11 14:50,TheTorontoSun,"From @rpoconnor and @strauss_matt: All Canadians who cherish freedom, equality or equity should oppose the overbear‚Ä¶ https://t.co/a1IuSa0GZj"
1348631221748822023,#onpoli,2021-01-11 14:01,coteau,"COVID modelling projection for January. 

We need leadership that works with families and businesses by not making‚Ä¶ https://t.co/OaOEPLHyya"
1348628460151963648,#onpoli,2021-01-11 13:50,coteau,"Why hasn‚Äôt Doug Ford shared the #COVID19 modelling numbers with Ontarians?

People and business need stability and‚Ä¶ https://t.co/VWA92lUgVA"
1348636124676284418,#onpoli,2021-01-11 14:21,blogTO,Ontario expected to implement curfew for Toronto and here's what that could mean https://t.co/8dFBzftem8 #Ontario‚Ä¶ https://t.co/GG23ZX3lk3
1348644240566464512,#onpoli,2021-01-11 14:53,PeggySattlerNDP,Legislation to mandate #paidsickdays is written and ready to go. My PMB #StayHomeIfYouAreSick Act was tabled in Dec‚Ä¶ https://t.co/8uJHqdQu5W
1348615826094628865,#onpoli,2021-01-11 13:00,NEWSTALK1010,#NEW: NEWSTALK 1010 can confirm that there will NOT be an announcement about new restrictions today. A government s‚Ä¶ https://t.co/gSE6mVw06b
1348405577974738948,#onpoli,2021-01-10 23:05,randyhillier,It has been a great pleasure working with these active duty officer with @PoliceOnGuard who have shown courage to s‚Ä¶ https://t.co/80Gwioqc7Z
1348457177917362183,#onpoli,2021-01-11 02:30,maritstiles,"Angered by those expensive new TV ads promoting the for-profit long-term care homes who failed our seniors?
Help us‚Ä¶ https://t.co/uhob9VHjzs"
1348103174360604682,#onpoli,2021-01-10 03:03,randyhillier,"Martial law coming to Ontario!  We all know the best way to prevent a respiratory virus is to suffocate freedoms, k‚Ä¶ https://t.co/TXJoRKI5dC"
1348128748172955650,#onpoli,2021-01-10 04:45,randyhillier,Why did we ever listen to this criminal about covid? Ethiopia: Tedros Adhanom played a key role in kidnapping of pr‚Ä¶ https://t.co/lxtgxEdMtA
1348098450735423491,#onpoli,2021-01-10 02:44,Travisdhanraj,Sources tell me the provincial gov‚Äôt is considering an 8pm-5am curfew (Same as Quebec) w/ exemptions for essential‚Ä¶ https://t.co/yvRja29wX2
1346666735257210881,#onpoli,2021-01-06 03:55,randyhillier,"Whatever or however you describe Canada during the last 10 months, you can‚Äôt use the words ‚Äúfree or democratic‚Äù. Le‚Ä¶ https://t.co/mvDF8mq1Av"
1346540903020826626,#onpoli,2021-01-05 19:35,randyhillier,Canada has been taken over and have embraced the Gods of Totalitarianism. https://t.co/uLCP6kvQxX. #onpoli
1347746310028406784,#onpoli,2021-01-09 03:25,randyhillier,"Covid has become the Trojan Horse for the battle &amp; war against individual freedoms, democracy &amp; justice. And many a‚Ä¶ https://t.co/6jMeoZlAxn"
1347168312342536194,#onpoli,2021-01-07 13:08,vote4robgill,Canadian Conservative MP @CandiceBergenMP was photographed wearing a MAGA hat. She has no place in Government.‚Ä¶ https://t.co/kgPXYJPdQD
1348002649405329409,#onpoli,2021-01-09 20:24,vote4robgill,"Ontario Premier Doug Ford received HALF A MILLION DOLLARS from the PPP loan program in the United States, through h‚Ä¶ https://t.co/czMkom5Hgq"
1347584246748246017,#onpoli,2021-01-08 16:41,HeatherCTV,Just received a text from an ICU doctor who predicts Ontario hospitals will need to begin ‚Äúdenying care and removin‚Ä¶ https://t.co/ufPZDZRruR
1346883575782776832,#onpoli,2021-01-06 18:17,Travisdhanraj,"Premier @fordnation doesn't answer @Shawn_Jeffords question (asked twice) ""Do you know of any other members of your‚Ä¶ https://t.co/hBePtrcmn7"
1347230873343709186,#onpoli,2021-01-07 17:17,Travisdhanraj,#BREAKING: @globalnewsto has learned in-class learning will NOT resume Monday...more to come #ONpoli #ONted
1347603507533197312,#onpoli,2021-01-08 17:58,Travisdhanraj,"#NEW: @AndreaHorwath says ""I don‚Äôt want to wait till Tuesday to fall off my chair to see what the modelling shows.‚Ä¶ https://t.co/G0ZrxlQ8vG"
1346540172893155330,#onpoli,2021-01-05 19:32,randyhillier,This is the young man who was arrested by Toronto police yesterday and died soon afterwards. Loss of Beloved Moses‚Ä¶ https://t.co/KdIKEpqTed
1346535046077886464,#onpoli,2021-01-05 19:12,coteau,"It‚Äôs time to pick up the pace @fordnation! 

Ontario‚Äôs slow rollout has meant that more people are getting infected‚Ä¶ https://t.co/cTXaGfTqSR"
1346504763526029326,#onpoli,2021-01-05 17:12,maritstiles,"Ford &amp; Lecce need to stop treating the problem of thousands of student, teacher &amp; staff infections like a communica‚Ä¶ https://t.co/IflrTKWDfP"
1346498540130996224,#onpoli,2021-01-05 16:47,randyhillier,"People will behave normally &amp; contravene the orders in private, but act differently in public, isn‚Äôt that the same‚Ä¶ https://t.co/ciAMDih8XQ"
1346537127270641664,#onpoli,2021-01-05 19:20,maritstiles,"With most students &amp; staff returning to bricks &amp; mortar schools in about a week, we need urgent action &amp; investment‚Ä¶ https://t.co/fEZxPPs0nF"
1346514128135925770,#onpoli,2021-01-05 17:49,Travisdhanraj,Here's @GilaMartow's statement on her &amp; her son's cottage visit..he went with 7 buddies apparently all in his socia‚Ä¶ https://t.co/wVYJPQrnoE
1346539025004449793,#onpoli,2021-01-05 19:28,Travisdhanraj,"On vaccine rollout @fordnation says... 

‚ÄúOnce we put team Ontario behind it we become the leaders and we will beco‚Ä¶ https://t.co/lTY78FHgg3"
1346522611711438850,#onpoli,2021-01-05 18:23,robferguson1,"NEW: Ontario will use all existing stocks of #COVID19 vaccines by end of this weekend, and new shipment of 47,000 P‚Ä¶ https://t.co/qDcJpUVLtV"
1346479242104557571,#onpoli,2021-01-05 15:30,spaikin,A finance minister resigns; problems in #LongTermCare; &amp; slow vaccine rollouts. Grist for tonight‚Äôs mill w/ ‚Å¶‚Ä¶ https://t.co/ryTypSYob2
1346535099827953664,#onpoli,2021-01-05 19:12,PBethlenfalvy,Sat down with @spaikin to talk about why I'm confident Ontario will bounce back stronger from the #COVID19 pandemic‚Ä¶ https://t.co/GgAxLkPvJv
1346478532361293830,#onpoli,2021-01-05 15:27,PBethlenfalvy,Ontario has what it takes to bounce back &amp; I'm committed to ensuring we're on the path to long-term economic recove‚Ä¶ https://t.co/b2mLGzqg3W
1346487695271473153,#onpoli,2021-01-05 16:04,LGretzky,"I‚Äôve been talking to &amp; working w constituents since the legislature recessed but,in order to work on collaborative‚Ä¶ https://t.co/CRH4lpe4zI"
1346485008056406017,#onpoli,2021-01-05 15:53,RMComedy,How can the leader of a province go MIA while record-breaking numbers of positive COVID-19 cases continue to climb?‚Ä¶ https://t.co/4WsQY4qpp1
1346506386767638529,#onpoli,2021-01-05 17:18,TheAgenda,"Broken promises, unceded land: The history behind the Land Back Lane protest ‚Äî by @mr_lois_lane #Indigenous #onpoli https://t.co/xSt5KSGAMt"
1348682083452002306,#PaidSickDays,2021-01-11 17:24,maritstiles,"Call back the Legislature, @fordnation 
We need mandated #paidsickdays. We need them now. It‚Äôs clear nothing will h‚Ä¶ https://t.co/suj0Ug9i1F"
1348984814624534531,#PaidSickDays,2021-01-12 13:26,JILLSLASTWORD,YES! We @OntarioNDP have been calling for #PaidSickDays from day one! You cannot prevent #COVID19 community spread‚Ä¶ https://t.co/RG48lBiScV
1348665035413983237,#PaidSickDays,2021-01-11 16:16,DolyBegum,.@fordnation removed paid sick days in 2018 as one of his first acts in office - that lack of security has endanger‚Ä¶ https://t.co/0lwEPlEwtu
1348652148448518151,#PaidSickDays,2021-01-11 15:25,CFifeKW,"Ford continues to claim ""everything is on the table"" - except provincially funded, paid sick days.   It's a very sm‚Ä¶ https://t.co/yU5YbJnRyO"
1349044054965805061,#PaidSickDays,2021-01-12 17:22,beyrima,"The public health doctors have been clear: 

People who are sick can‚Äôt stay home without #paidsickdays, a moratoriu‚Ä¶ https://t.co/VZobm2bk1T"
1348646502814638081,#PaidSickDays,2021-01-11 15:02,PeggySattlerNDP,"Thank you to @epdevilla &amp; @TOPublicHealth for this important advocacy, at this critical time. Listen up @Fordnation‚Ä¶ https://t.co/CYqvYoxbfH"
1349111487344865282,#PaidSickDays,2021-01-12 21:50,maritstiles,Too bad that 800lb gorilla didn‚Äôt get the memo about #PaidSickDays https://t.co/A8Omsn6waW
1348805267920728067,#PaidSickDays,2021-01-12 01:33,DolyBegum,We are in a crisis that is disproportionately impacting low-income and racialized workers. This gov. has shown no r‚Ä¶ https://t.co/eVUL1hFacu
1348814897250004995,#PaidSickDays,2021-01-12 02:11,DolyBegum,"Hallelujah!!!!!!!

Well the easy thing about this is that there is a bill already tabled and Premier @fordnation ca‚Ä¶ https://t.co/rWHBAof9hn"
1348994983236403203,#PaidSickDays,2021-01-12 14:07,PeggySattlerNDP,‚ÄúThe constant COVID message of ‚Äòjust stay home‚Äô means nothing when your boss is saying you must come to work &amp; your‚Ä¶ https://t.co/UvQAfyBQCs
1349070949136658443,#PaidSickDays,2021-01-12 19:09,PeggySattlerNDP,"Employer-delivered #paidsickdays do NOT duplicate federal benefits, they make it easy &amp; seamless for workers to aff‚Ä¶ https://t.co/ElshufkalP"
1349095173951791105,#PaidSickDays,2021-01-12 20:45,CFifeKW,"The #lockdown plan doesn't work without #paidsickdays 

Doug Ford won't pay to keep everyone safe, and we will all‚Ä¶ https://t.co/i5J9ZRjYcw"
1349138039013060615,#PaidSickDays,2021-01-12 23:35,reshminair,Paid sick leave and the pandemic's disproportionate impact on our feminized/racialized healthcare labour force. We‚Ä¶ https://t.co/imCCQBm3CP
1348644240566464512,#PaidSickDays,2021-01-11 14:53,PeggySattlerNDP,Legislation to mandate #paidsickdays is written and ready to go. My PMB #StayHomeIfYouAreSick Act was tabled in Dec‚Ä¶ https://t.co/8uJHqdQu5W
1349117398817894400,#BURMUN,2021-01-12 22:13,ManUtd,"A @PaulPogba goal sends us to the üîù of the @PremierLeague!

üî¥ #MUFC 
#Ô∏è‚É£ #BURMUN 
üèÜ #PL
@Chevrolet"
1349122754445004801,#BURMUN,2021-01-12 22:35,premierleague,"Man Utd go 3 points clear at the top of the #PL üî¥

#BURMUN https://t.co/rgc7ZhAP7S"
1349072441465827336,#BURMUN,2021-01-12 19:15,ManUtd,"üö® All eyes on Turf Moor! üëÄ

Here's your United XI to take on Burnley üí™

üî¥ #MUFC

#Ô∏è‚É£ #BURMUN
üèÜ #PL"
1349110754830643209,#BURMUN,2021-01-12 21:47,ManUtd,"üí• POGBAAAAAAAAAAAA! The Reds are ahead!

üíª https://t.co/YS4CBzXRmU
üî¥ #MUFC 
#Ô∏è‚É£ #BURMUN 
üèÜ #PL https://t.co/J9n2Sx3jug"
1348898525325701125,#BURMUN,2021-01-12 07:44,premierleague,"üî¥ @ManUtd are averaging three goals per #PL away match this season (21 in seven)

The highest goals per game averag‚Ä¶ https://t.co/neIS9ZN4Oj"
1349131561116065792,#BURMUN,2021-01-12 23:10,premierleague,"This is the first time @ManUtd have ended the day üîù of the #PL table, having played as many as 17 matches, since th‚Ä¶ https://t.co/S0LK7ZtN6x"
1349117362834866177,#BURMUN,2021-01-12 22:13,PLforIndia,"üî¥ @ManUtd ARE TOP OF THE TABLE üî¥

RT if you are üòÉ #BURMUN"
1348629736948338690,#BURMUN,2021-01-11 13:56,ManUtd,"üó£Ô∏è ""We needed to get points on the board and not let teams run away with it,"" says Solskjaer.

""Yes we have a game‚Ä¶ https://t.co/xDJuZN6BTm"
1348892468238897153,#BURMUN,2021-01-12 07:20,ManUtd,"Back on the road for the first time in 2021 ‚Äî let's get the 3Ô∏è‚É£ points! üëä

üî¥ #MUFC
#Ô∏è‚É£ #BURMUN
üèÜ #PL"
1348722094159355905,#BURMUN,2021-01-11 20:02,ManUtd,"üì¨ ùôîùô§ùô™ ùôùùôñùô´ùôö ùô¢ùôñùôûùô°.

Today's training pics have landed! üòé

#MUFC #BURMUN https://t.co/UCyWCCeVk8"
1348880154051932161,#BURMUN,2021-01-12 06:31,premierleague,"üôå @BurnleyOfficial won 2-0 at Old Trafford in their last #PL meeting with Man Utd 

They've not won consecutive lea‚Ä¶ https://t.co/friAJF613j"
1348725387069681665,#BURMUN,2021-01-11 20:16,premierleague,"""Pope has at times defied the odds to keep Burnley in matches""

@adrianjclarke says the Burnley 'keeper could be a‚Ä¶ https://t.co/BC8EoFt5b0"
1348625710349393920,#BURMUN,2021-01-11 13:40,ManUtd,"üó£Ô∏è Ole: ""We are better off than this time last season, but no-one remembers the league table in January.

""For us i‚Ä¶ https://t.co/hjT5HVAIdA"
1348627723476889610,#BURMUN,2021-01-11 13:48,ManUtd,"üí¨ ""We have to be aggressive and go into every game humble and working hard,"" adds the boss.

""It doesn't matter whe‚Ä¶ https://t.co/TArI6x7Uux"
1348527323130310657,#BURMUN,2021-01-11 07:09,ManUtd,"Up next: #BURMUN üëä

#MUFC #PL https://t.co/uKMWEIhhq1"
1347991557740392448,#BURMUN,2021-01-09 19:40,OfficialFPL,"Man Utd still haven't kept an away clean sheet in the #PL this term üëÄ

ùòõùò©ùò¶ ùòöùò§ùò∞ùò∂ùòµ is backing Ashley Barnes to delive‚Ä¶ https://t.co/s5OW09CDEt"
1348980954006740999,#StayAtHome,2021-01-12 13:11,picardonhealth,"Doug Ford, take note: #StayAtHome  messaging means nothing for workers without paid sick days, by @GraphicMatt‚Ä¶ https://t.co/7zuzfjTGL0"
1348628247127404545,#StayAtHome,2021-01-11 13:50,NASUWT,Teachers should not be expected to attend their school or college to undertake remote teaching. This undermines the‚Ä¶ https://t.co/lLypP46Asf
1348798833376030720,#StayAtHome,2021-01-12 01:07,Dr_PhilippaW,Please - wherever you live in the UK #StayatHome üè† https://t.co/kt5si1XtTQ
1348797915603607555,#StayAtHome,2021-01-12 01:04,Dr_PhilippaW,And if everyone with any reason to be grateful to #NHS staff would just stick to #COVID19 rules and #StayAtHome üè† y‚Ä¶ https://t.co/ZSw7pRBz2a
1348592515801354240,#StayAtHome,2021-01-11 11:28,wmasrobmoore,"We get a lot asked of us in the #NHS.

We're only asking for one thing in return:

#StayAtHome."
1348891019102871552,#StayAtHome,2021-01-12 07:14,adilray,"Up to 1 in 3 people who have the virus don‚Äôt show any symptoms, so can pass on the virus without knowing.¬†Please‚Ä¶ https://t.co/wdFzqmnWEP"
1348678290169495553,#StayAtHome,2021-01-11 17:08,slack2thefuture,COVID is not the flu. A new study published in the Lancet reveals that THREE OUT OF FOUR PEOPLE who get sick still‚Ä¶ https://t.co/6vCTRS17nF
1348684447638556672,#StayAtHome,2021-01-11 17:33,brionymaybakes,Very excited to announce that I will be doing a kids bake along each week of #lockdown3 with Nora &amp; a very special‚Ä¶ https://t.co/aZt1AQWRNe
1348666788695973896,#StayAtHome,2021-01-11 16:23,hantsconnect,Never has it been more crucial to follow the #StayAtHome  guidance. Now more than ever we must work together to‚Ä¶ https://t.co/85CiOxoQsl
1348622188459524097,#StayAtHome,2021-01-11 13:26,DorsetCCG,"""The most important action we can all take is to stay at home."" Dr. Forbes Watson states the need for everyone in‚Ä¶ https://t.co/rdvNbL2sF8"
1349049541287415816,#StayAtHome,2021-01-12 17:44,SkyNews,"""The rules are clear and the rules are firm""

Priti Patel admits ""exercise is important"" but stresses the‚Ä¶ https://t.co/7bLRxz7rvo"
1349031488638087171,#StayAtHome,2021-01-12 16:32,Dr_PhilippaW,PLEASE - #StayatHome üè° https://t.co/e9GShgPMfV
1348986285256531968,#StayAtHome,2021-01-12 13:32,picardonhealth,"As Canada battles rising #COVID19 cases, lack of paid sick leave fuels transmission, by @amp6‚Ä¶ https://t.co/OSeCry8I2P"
1349016137254756365,#StayAtHome,2021-01-12 15:31,transcotland,"Yellow warning issued by @metoffice for snow and ice for Scotland from tomorrow morning and through Thursday.

If y‚Ä¶ https://t.co/YffiLqLZFN"
1348995616182050818,#StayAtHome,2021-01-12 14:09,DefenceES,"Fun and creativity are essential to help get us through these difficult times.

We hope that our colouring-in templ‚Ä¶ https://t.co/lEfBkS6u1s"
1348536395837665280,#StayAtHome,2021-01-11 07:45,on_lothianbuses,"We're currently operating a Saturday Service for essential journeys only at this time.

Find out more here ‚û°Ô∏è‚Ä¶ https://t.co/q2UA0HHGHK"
1347847150798069763,#StayAtHome,2021-01-09 10:06,10DowningStreet,"This weekend.

For our NHS.

Please, stay at home.

#StayAtHome https://t.co/zN9bbKk2sw"
1347619201008152582,#StayAtHome,2021-01-08 19:00,metpoliceuk,"#London has declared a major incident in its fight against Covid-19. 

There can be no doubt about the serious situ‚Ä¶ https://t.co/ir20spxSqT"
1347226755808030725,#StayAtHome,2021-01-07 17:01,drjanaway,"Why we need to #StayAtHome in one video, debunking the #COVID19 deniers. These are winter admissions over the last‚Ä¶ https://t.co/HESuVzfEGS"
1346934323312791552,#StayAtHome,2021-01-06 21:39,AamerAnwar,We call on @policescotland &amp; @CC_Livingstone to stop this dangerous radical hate preacher entering Scotland üè¥Û†ÅßÛ†Å¢Û†Å≥Û†Å£Û†Å¥Û†Åø‚Ä¶ https://t.co/1JSNxQ19M4
1347538953650528256,#StayAtHome,2021-01-08 13:41,Dr_PhilippaW,"Please, Please, Please folks - #StayAtHome! üè† 

@Major incident declared in London as hospitals face ‚Äòcritical‚Äô thr‚Ä¶ https://t.co/pASit8gPQn"
1348329026503507969,#StayAtHome,2021-01-10 18:01,scotgov,"Know the 2/2 outdoors rule ‚¨á

A maximum of 2 people from up to 2 households can meet outdoors locally for exercise‚Ä¶ https://t.co/DrrNxciWXp"
1348275146730180615,#StayAtHome,2021-01-10 14:26,picardonhealth,"""It's just a huge smack in the face"" -- Canadians call out leaders for breaking their own #Covid19 rules, led by 9-‚Ä¶ https://t.co/38mBll6IdC"
1347875772778864641,#StayAtHome,2021-01-09 12:00,10DowningStreet,"The new variant of Covid-19 is spreading much faster.

Stay Home. Protect the NHS. Save Lives.‚Ä¶ https://t.co/dvGhhUt6Tv"
1346532161067868160,#StayAtHome,2021-01-05 19:00,scotgov,"New #coronavirus restrictions now apply in Scotland.

We are asking everybody to #StayAtHome as much as possible, a‚Ä¶ https://t.co/9nFFflX4SX"
1347878457582227457,#StayAtHome,2021-01-09 12:10,nlcpeople,"Key workers -  every effort must be made to #stayathome. 

Updated S/Govt guidance - parents &amp; carers should consid‚Ä¶ https://t.co/G2arRF7WK1"
1346762481071493121,#StayAtHome,2021-01-06 10:16,SECAmbulance,The pressure on our service remains very high. Please help control the spread of #Covid19 by staying at home and on‚Ä¶ https://t.co/BoHAn6NsOZ
1347997400183549958,#StayAtHome,2021-01-09 20:03,wmasrobmoore,"Just heading out?

üö´üõë STOP! üõëüö´

Is it for one of the reasons below? 

Shopping for stuff you NEED.
Exercise local t‚Ä¶ https://t.co/YlFr3qn69f"
1346734756331974657,#StayAtHome,2021-01-06 08:26,WHOAFRO,"Physical distancing is one of the most effective methods to limit the spread of #COVID19.

#StayAtHome

When possib‚Ä¶ https://t.co/SwKSzYrmtL"
1346909763481837570,#StayAtHome,2021-01-06 20:01,scotgov,"You can still meet with your extended household during lockdown.

Extended households only apply to: 

üîπ People who‚Ä¶ https://t.co/edMHsZc8Zf"
1346482056939806720,#StayAtHome,2021-01-05 15:41,wmasrobmoore,"If you want to show appreciation and respect to your #NHS, the best way you can do that now is to stick to the rule‚Ä¶ https://t.co/g8m37I4wzm"
1349022173432848391,#motherandbabyhomes,2021-01-12 15:55,ingridmileyRTE,It still stuns me that the men who impregnated women in #motherandbabyhomes - often through rape of underage girls‚Ä¶ https://t.co/xgz0L7Rq1W
1349029316034764802,#motherandbabyhomes,2021-01-12 16:23,sineadgleeson,"9,000 dead babies. Giving birth alone without pain relief. Violence. The #motherandbabyhomes report invokes pure re‚Ä¶ https://t.co/IXwSSPct4k"
1349072253024137216,#motherandbabyhomes,2021-01-12 19:14,planetjedward,"The State and Catholic Church are firmly to blame for the horrendous abuse suffered by our women and children 
A st‚Ä¶ https://t.co/13elIgmjdI"
1349113160935026690,#motherandbabyhomes,2021-01-12 21:56,MaryLouMcDonald,"The state failed women, girls, mothers and children. Successive Governments regulated and funded institutions that‚Ä¶ https://t.co/1Sxg7f4aZK"
1349068909618585604,#motherandbabyhomes,2021-01-12 19:01,olivercallan,"Taxpayers paid 87% of redress for institutional child abuse, thanks to indemnity gifted by Fianna F√°il to Catholic‚Ä¶ https://t.co/emOE6RiTcI"
1349029289040162816,#motherandbabyhomes,2021-01-12 16:23,Aidan_Regan,"Portugal had Salazar.

Spain had Franco. 

Ireland had it's Catholic-Monarchic State.

The victims were not the upp‚Ä¶ https://t.co/9pQN7l2mE1"
1349074485144596484,#motherandbabyhomes,2021-01-12 19:23,bridsmithTD,"1980s: We are living way beyond our means 
2008 Crash: we all partied
2020 Covid reopening: personal behaviour
2021‚Ä¶ https://t.co/l5iS7NmpYa"
1349029584520556544,#motherandbabyhomes,2021-01-12 16:24,Colmogorman,"The State deferred to unaccountable and powerful interests, and failed to protect its people. It is ultimately resp‚Ä¶ https://t.co/vbKyI9nF7i"
1349012121540046850,#motherandbabyhomes,2021-01-12 15:15,DublinRCC,This is already a very difficult time for many survivors of sexual violence; the #MotherandBabyHomes Report publica‚Ä¶ https://t.co/q0duhZJd8T
1349050301815394307,#motherandbabyhomes,2021-01-12 17:47,Colmogorman,"This is telling isn't it? ""By the 1970s, mother and baby homes were conscious that a growing number of women were t‚Ä¶ https://t.co/1jBsq2dt2a"
1349039029984047104,#motherandbabyhomes,2021-01-12 17:02,nbrez,To suggest state and church are not firmly to blame for the abhorrent treatment of our women and children is beyond‚Ä¶ https://t.co/LG3GbYMPYf
1349044847479562242,#motherandbabyhomes,2021-01-12 17:25,olivercallan,Catherine Corless on @drivetimerte says survivors‚Äô are ‚Äútotally deflated‚Äù by #MotherandBabyHomes report and Govt‚Äôs‚Ä¶ https://t.co/aCtuAF4PfZ
1349062993557016576,#motherandbabyhomes,2021-01-12 18:37,aliceeire,"executive summary is disappointing reading -excuses, equivocations &amp; strange repeated use of ‚Äúno evidence‚Äù phrase w‚Ä¶ https://t.co/QWJB3fXAzg"
1349081682922655753,#motherandbabyhomes,2021-01-12 19:51,planetjedward,Women suffered and babies died while the rapists and men responsible were never jailed or held accountable! #motherandbabyhomes
1349030534618472450,#motherandbabyhomes,2021-01-12 16:28,bridsmithTD,Five years in making &amp; Reading thru #motherandbabyhomes report the opening statement is shocking in attempting to s‚Ä¶ https://t.co/icDRF8KKBW
1348760434430640128,#motherandbabyhomes,2021-01-11 22:35,EoinBearla,"Thanks to @Lost900Bessboro who helped me with this long-read. But especially Ann, who I hope gets answers tomorrow.‚Ä¶ https://t.co/3jArVoyShL"
1348926923636953088,#motherandbabyhomes,2021-01-12 09:36,SarahJayBee,My thoughts are with everyone affected by the publication of the #motherandbabyhomes report today. I stand with you
1348999423628603392,#motherandbabyhomes,2021-01-12 14:25,Donal_OKeeffe,"You'll hear a lot that the #MotherAndBabyHomes were ""in the context of the times"", as a lady on #Liveline is saying‚Ä¶ https://t.co/ayxBGbAKm7"
1348921969484443650,#motherandbabyhomes,2021-01-12 09:17,NorahCasey,"Today is about telling the truth, owning up to the wrongs of the past and redress - legislation must be introduced‚Ä¶ https://t.co/Kdkdz3ZQGv"
1348921340137517056,#motherandbabyhomes,2021-01-12 09:14,ivanabacik,"As we anticipate the publication today of the #motherandbabyhomes report, it‚Äôs vitally important that ‚ÄòVoices of Mo‚Ä¶ https://t.co/YDOFuvAMTs"
1348979795544182791,#motherandbabyhomes,2021-01-12 13:07,ivanabacik,On ‚Å¶@rtenews‚Å© ‚Å¶@RTENewsAtOne‚Å© just now I emphasised the need for voices of survivors to be heard &amp; survivors‚Äô needs‚Ä¶ https://t.co/Olq7B8ryee
1348988753973567491,#motherandbabyhomes,2021-01-12 13:42,ivanabacik,"On @RTENewsAtOne just now, I emphasised that voices of survivors and families must be paramount in the Government r‚Ä¶ https://t.co/qX6Gkt5rLu"
1349002952430800896,#motherandbabyhomes,2021-01-12 14:39,labourwomen,"Well said, @ivanabacik.  It is so important that the Government listens to the survivors and families.‚Ä¶ https://t.co/vInFEkHFlS"
1348933766648111104,#motherandbabyhomes,2021-01-12 10:04,EoinBearla,Children's Minister 'shares concerns' about the potential existence of children's remains at Bessborough in #Cork‚Ä¶ https://t.co/q5PHt53Jl4
1348988887218200578,#motherandbabyhomes,2021-01-12 13:43,Donal_OKeeffe,Bridget contacted me in the weeks after @NameBridget broke the #TuamBabies story. Bridget‚Äôs baby William died due t‚Ä¶ https://t.co/9LIwhG3n3H
1349010548571201536,#motherandbabyhomes,2021-01-12 15:09,Mark_Coughlan,The conclusion in the executive summary regarding death rates in Ireland's #motherandbabyhomes report. https://t.co/eQXsbKIe9i
1348377690705948673,#motherandbabyhomes,2021-01-10 21:14,Kathleensf1,Have written to @rodericogorman this evening asking him if he has referred leaking of¬†#MotherandBabyHomes report¬†to‚Ä¶ https://t.co/g47vS4z8MP
1349009585403797505,#motherandbabyhomes,2021-01-12 15:05,PaschalSheehy,"‚ÄúMy son died at six weeks. My son was a beautiful, blonde-haired boy; perfect. I believe he died as a result of the‚Ä¶ https://t.co/1CtJ5iVpEk"
1349009754643984386,#motherandbabyhomes,2021-01-12 15:06,sandra_hurley,Commission on #motherandbabyhomes recommends three groups be eligible for redress scheme https://t.co/kglRRr3nbK
1348283069283921920,#motherandbabyhomes,2021-01-10 14:58,MaryLouMcDonald,Leaking from the Mother and Baby Homes Commissions of Investigation Report is shameful. A very bad start to what wi‚Ä¶ https://t.co/yKjKKufHOz
1349172597406060546,#ZoeysPlaylist,2021-01-13 01:53,ZoeysPlaylist,The moment some of you have been waiting a lifetime for with the perfect @kellyclarkson song to match! ü•∞‚Ä¶ https://t.co/Q0PvaeBBdy
1349076599476543490,#ZoeysPlaylist,2021-01-12 19:31,TVLine,"Matt's Inside Line: Get Scoop on #WandaVision, #Lucifer, #ZoeysPlaylist, #NCISLA, #TheRookie, #911LoneStar,‚Ä¶ https://t.co/u1S4J8fINH"
1349174516988092417,#ZoeysPlaylist,2021-01-13 02:00,SkylarAstin,Thanks for watching #ZoeysPlaylist! Here's a photo of @jcolburnlevy and me discussing what we ate for breakfast tha‚Ä¶ https://t.co/0B3XcOkhdi
1349174331754958850,#ZoeysPlaylist,2021-01-13 02:00,SkylarAstin,RT if you think this should be Zoey's permanent new look! #ZoeysPlaylist https://t.co/rCkhtwPWot
1349171860244582401,#ZoeysPlaylist,2021-01-13 01:50,thealexnewell,Standing O for @SkylarAstin for this entire act! #ZoeysPlaylist https://t.co/bnQFehtRs8
1349172846313025536,#ZoeysPlaylist,2021-01-13 01:54,ZoeysWriters,This. Act. Is. Everything. üëèüëèüëè @jcolburnlevy @SkylarAstin @nopenother @Samlaybourne #ZoeysPlaylist #amomentlikethis https://t.co/RnpMizmtN5
1349174275652026369,#ZoeysPlaylist,2021-01-13 01:59,thealexnewell,I mean..... @jcolburnlevy #ZoeysPlaylist https://t.co/NjxzkfB8ao
1348994399125057542,#ZoeysPlaylist,2021-01-12 14:05,EW,##ZoeysPlaylist star @jcolburnlevy teases how her character's love triangle choice may not work out as well as she‚Ä¶ https://t.co/P2URLC2IVA
1349164971213549570,#ZoeysPlaylist,2021-01-13 01:22,ZoeysPlaylist,"Raise your hand if @thealexnewell's performance of @samsmith's ""Too Good At Goodbyes"" made you emotional. ‚úãüò≠‚Ä¶ https://t.co/pyZEYAn23e"
1349150438671613953,#ZoeysPlaylist,2021-01-13 00:25,austinwinsberg,Omg @nopenother people are actually going to see this crazy thing soon! I guess now is the right time to thank Bell‚Ä¶ https://t.co/Dxuv34kvgL
1349161037883314179,#ZoeysPlaylist,2021-01-13 01:07,SkylarAstin,Get you a guy that looks at you the way I look at @thealexnewell¬†#ZoeysPlaylist https://t.co/gkniHKvjHo
1349159230587035650,#ZoeysPlaylist,2021-01-13 01:00,ZoeysPlaylist,Grab your popcorn because a new episode of #ZoeysPlaylist starts NOW on @NBC! https://t.co/VJ3rwTwL4H
1349098859558039552,#ZoeysPlaylist,2021-01-12 21:00,LionsgateTV,Max is thinking about tonight's episode and it is üò≥üï∫üî•ü•∞ #ZoeysPlaylist https://t.co/bd1CRCFS8M
1348498960210481159,#ZoeysPlaylist,2021-01-11 05:16,austinwinsberg,Guys - zoey is back on Tuesday night. And things are heating up with her and max. Spoiler alert - act five is one l‚Ä¶ https://t.co/X5suqnN82v
1348978684544344064,#ZoeysPlaylist,2021-01-12 13:02,TVLine,"What to Watch Tuesday: #TheResident and #ProdigalSon Return, #Trickster Debuts, #ZoeysPlaylist and More‚Ä¶ https://t.co/x2ZuylDC85"
1346637942899425280,#ZoeysPlaylist,2021-01-06 02:01,SkylarAstin,"Well then, I‚Äôm just gonna leave this here... Goodnight! #ZoeysPlaylist #TeamMax https://t.co/Z83WrK64mI"
1346637106400034816,#ZoeysPlaylist,2021-01-06 01:58,ZoeysPlaylist,Never underestimate the power of small acts of kindness. üíó  #ZoeysPlaylist https://t.co/dRH0uCRKgp
1346545901624459264,#ZoeysPlaylist,2021-01-05 19:55,austinwinsberg,"Tonight‚Äôs the season two premiere of Zoey‚Äôs Extraordinary Playlist. Thank you to all the amazing actors, writers, d‚Ä¶ https://t.co/IvdMLY1oFU"
1346609424060665856,#ZoeysPlaylist,2021-01-06 00:08,TedDanson,My greatest role is getting to be the husband of this incredible woman. Don‚Äôt miss my talented wife (plus her incre‚Ä¶ https://t.co/MU2NLgHjMT
1346471517127929856,#ZoeysPlaylist,2021-01-05 15:00,ZoeysPlaylist,.@SkylarAstin has a message for you!  #ZoeysPlaylist Season 2 starts at 8/7c on @NBC. https://t.co/5nHD7zBE96
1346622510499049472,#ZoeysPlaylist,2021-01-06 01:00,ZoeysPlaylist,Take your places because the show is about to begin. #ZoeysPlaylist starts RIGHT NOW on @NBC! https://t.co/J3jdiThy0j
1346631555926564864,#ZoeysPlaylist,2021-01-06 01:35,thealexnewell,‚ÄúIt‚Äôs cute that you shop at Etsy‚Äù sent me @thelaurengraham is an actually icon!! #ZoeysPlaylist
1346627115114848263,#ZoeysPlaylist,2021-01-06 01:18,nopenother,Oh hey @thelaurengraham Missed you sister! #ZoeysPlaylist https://t.co/YHzcrj32Nk
1346631963369644032,#ZoeysPlaylist,2021-01-06 01:37,austinwinsberg,Pretty sure that Etsy joke was a @thelaurengraham ad-lib. #Queen #ZoeysPlaylist
1349118081159852032,#rtept,2021-01-12 22:16,JamesKavanagh_,Blaming ‚Äòsociety‚Äô for enabling Mother &amp; Baby Prisons is like blaming puppies for cruel puppy farms. People in power‚Ä¶ https://t.co/9uq6SDC9zN
1349136806667825153,#rtept,2021-01-12 23:30,RTE_PrimeTime,Terri Harrison speaks to Prime Time about being taken from England and sent to Bessborough mother and baby home‚Ä¶ https://t.co/oaFPEaiu6Y
1349138853932773377,#rtept,2021-01-12 23:39,RTE_PrimeTime,"Liam Woods, HSE National Director for Acute Operations for discusses what happens if we reach total ICU capacity du‚Ä¶ https://t.co/8UuO908VVg"
1349115089052463105,#rtept,2021-01-12 22:04,powerian,"Wow, really impressive and important contribution from @maeveorourke on #rtept tonight on the #motherandbabyhomes c‚Ä¶ https://t.co/aS40CHAY1T"
1349097911557218308,#rtept,2021-01-12 20:56,RTE_PrimeTime,"Tonight on Prime Time @RTEOne 9.35pm

#RTEPT https://t.co/D7eAsKY7wq"
1347298669821833219,#rtept,2021-01-07 21:46,gavreilly,Norma Foley on #rtept contradicting the Taoiseach who said at yesterday‚Äôs press conference no specific public healt‚Ä¶ https://t.co/lMI1XP0DmJ
1347578892710764546,#rtept,2021-01-08 16:20,RTEPress,RT√â have announced the appointment of Richard Downes @downesr as the new Editor of flagship current affairs program‚Ä¶ https://t.co/RUi7IjvAcF
1346555926782898180,#rtept,2021-01-05 20:35,ConorWilson,"A short article from me here, ahead of my 
@RTE_PrimeTime
  piece tonight looking at the #B117 variant, the degree‚Ä¶ https://t.co/Tzzfys1Ov2"
1348997934533246977,#datingacheater,2021-01-12 14:19,Oloni,I wanna do #datingacheater again tonight but the other way around. So we get cheaters to tell us how they got caught
1348793378897596418,#datingacheater,2021-01-12 00:46,Oloni,It was.. you do not ask strangers what their genitals are. It‚Äôs frankly none of your business unless they choose to‚Ä¶ https://t.co/soojq6ctx0
1349129511678447616,#datingacheater,2021-01-12 23:01,victoriasanusi,Zara on the phone to silence as punishment #Datingacheater https://t.co/dGTF1lnIEs
1349152300393242629,#datingacheater,2021-01-13 00:32,victoriasanusi,‚ÄúI was paying my boyfriends rent‚Äù#DatingACheater https://t.co/i8ToSyil8Q
1349156558853320704,#datingacheater,2021-01-13 00:49,RayBLK_,City girls up 10 points ü§£ü§£ #datingacheater
1349158841510989829,#datingacheater,2021-01-13 00:58,victoriasanusi,So what did the dad vote?  #DatingACheater
1348722598985822210,#ProdigalSon,2021-01-11 20:05,WarnerBrosUK,Son of a serial killer turned NYPD detective. Can this suspected sociopath keep his twisted genius mind at bay? Tom‚Ä¶ https://t.co/xBWkpKanCs
1349179721737777152,#ProdigalSon,2021-01-13 02:21,BellamyYoung,"Ok, @LouDPhillips
I see you lookin all FOXY
üî•üî•üî•
#ProdigalSon Happy premiere indeed! üò±üé¨üî•‚ù§Ô∏èü•Çüéâ"
1349177200877060097,#ProdigalSon,2021-01-13 02:11,prodigalsonfox,Use the #ProdigalSon hashtag to let us know how excited you are about Season 2.
1349046765987770368,#ProdigalSon,2021-01-12 17:33,warnerbrostv,"In honor of #ProdigalSon returning tonight, we want to take a moment to honor the one and only Lou Diamond Phillips‚Ä¶ https://t.co/u5sZt9OCbe"
1348667963575066624,#ProdigalSon,2021-01-11 16:27,TVInsider,"What better way to get ready for what's to come in #ProdigalSon Season 2 than with a fun recap, aptly set to the so‚Ä¶ https://t.co/JnbRuzxTTZ"
1348985584790990848,#ProdigalSon,2021-01-12 13:30,LouDPhillips,"Hey, #Prodigies, if you‚Äôre in the area, I‚Äôll be on #GoodDayNY in the 9 o‚Äôclock hour talking all things #ProdigalSon‚Ä¶ https://t.co/kcxJqSSb3w"
1349158520965443584,#ProdigalSon,2021-01-13 00:57,KeikoAgena,One hour until #ProdigalSon airs on the East Cost! Live tweet with us #Prodigies. üíï üì∏ Phil Caruso https://t.co/hwwRgZnfKD
1348994595712020481,#ProdigalSon,2021-01-12 14:05,FrankHartsTruly,Tonight‚Äôs the night #Prodigies #ProdigalSon https://t.co/OL1opiTrOV
1349174767409012740,#ProdigalSon,2021-01-13 02:01,BellamyYoung,"#SaveSomePillsForMommy 
#ProdigalSon S2 starts NOW on #FOX üò±üé¨üî•‚ù§Ô∏èü•Çüéâ https://t.co/NpH64YlbFI"
1349182310021787648,#ProdigalSon,2021-01-13 02:31,KeikoAgena,Malcolm dancing is... so good. #ProdigalSon https://t.co/XMnSfqMptG
1349046084769869825,#ProdigalSon,2021-01-12 17:30,HollywoodLife,".@LouDPhillips teases ""tension"" between Gil &amp; Jessica in #ProdigalSon season 2 &amp; says it won't be an ""easy road"" fo‚Ä¶ https://t.co/N2qEHNtKYS"
1348978684544344064,#ProdigalSon,2021-01-12 13:02,TVLine,"What to Watch Tuesday: #TheResident and #ProdigalSon Return, #Trickster Debuts, #ZoeysPlaylist and More‚Ä¶ https://t.co/x2ZuylDC85"
1349177925443182594,#ProdigalSon,2021-01-13 02:14,BellamyYoung,"As requested, @penelopcruz ü§ì
Happy #ProdigalSon premiere!! üíóüéâ‚ù§Ô∏è https://t.co/IfEL4hD600"
1349174496545148941,#ProdigalSon,2021-01-13 02:00,KeikoAgena,"Here we go #Prodigies. üíï
#ProdigalSon Season two starts now! https://t.co/hbPekVm3fo"
1348489537199214592,#ProdigalSon,2021-01-11 04:38,LouDPhillips,"Okay...we seriously need to find a reason to bring @WesleyRyann in for #ProdigalSon. And probably his cat, too.‚Ä¶ https://t.co/m68RWJgmk8"
1346881296845438977,#ProdigalSon,2021-01-06 18:08,prodigalsonfox,The cast of #ProdigalSon just got a new member... ready for it? https://t.co/2WMo3WFx5T
1347682008399572998,#ProdigalSon,2021-01-08 23:10,TVInsider,#ProdigalSon's @justanactor and the show's creators preview the upcoming season and talk about why seeing more‚Ä¶ https://t.co/QbcEGdrzPt
1346879432091426817,#ProdigalSon,2021-01-06 18:00,TVLine,#ProdigalSon Scoop: Catherine Zeta-Jones Joins Season 2 as Series Regular https://t.co/yptus4llHT via @MichaelAusiello
1346899690093236226,#ProdigalSon,2021-01-06 19:21,justanactor,Big. News. #prodigalson @prodigalsonfox https://t.co/2rUcl6hsW0
1346630607544217601,#ProdigalSon,2021-01-06 01:32,BellamyYoung,"IN ONE WEEK (+ 30 minüòÑ):
the NEW season of @prodigalsonfox BEGINS! Can't wait for you to see what we've been gettin‚Ä¶ https://t.co/i2npYCe739"
1346851564481359879,#ProdigalSon,2021-01-06 16:10,TVInsider,EXCLUSIVE: @paleycenter is kicking off its 2021 #PaleyFrontRow series with a conversation with the cast and creator‚Ä¶ https://t.co/pw4YqOUeA9
1347926452403122176,#ProdigalSon,2021-01-09 15:21,LouDPhillips,‚ÄòInteresting‚Äô is a massive understatement! #ProdigalSon #ThreeMoreDays @prodigalsonfox @ProdigalWriters https://t.co/3DapJeoYuS
1346881970605707264,#ProdigalSon,2021-01-06 18:11,prodigalsonfox,Thanks for the love @WhoopiGoldberg! üôå #ProdigalSon https://t.co/jz9DWFUJP9
1349149925586706437,#ontariolockdown,2021-01-13 00:23,vote4robgill,That means only people of colour will receive fines. #onpoli #ontariolockdown https://t.co/N2lIukfsw1
1349107423735373825,#ontariolockdown,2021-01-12 21:34,michaelcoren,"I assume my dog can still walk me in the park.
#onpoli #ontariolockdown"
1348264360175693824,#ontariolockdown,2021-01-10 13:44,TonyclementCPC,My own view on #covid further lockdowns and curfews (speaking as a former Health Minister): go big or go home. Do a‚Ä¶ https://t.co/pFwgAc1Bte
1349023339147362304,#IMPACTonAXSTV,2021-01-12 16:00,IMPACTWRESTLING,"TONIGHT at 8/7c on @AXSTVüá∫üá∏/@fightnetüá®üá¶/Twitchüíª!

@KennyOmegamanX and @TheDonCallis appear at the IMPACT Zone‚Ä¶ https://t.co/Efa0Z1J4lU"
1348983988472446977,#IMPACTonAXSTV,2021-01-12 13:23,TenilleDashwood,"Tonight on @IMPACTWRESTLING... When you knock on the wrong door, this is what happens. You find weirdos like‚Ä¶ https://t.co/WgSObBqUqE"
1348636797090328576,#IMPACTonAXSTV,2021-01-11 14:24,realsuyung,"Hello, I'm Susan. Watch #IMPACTonAXSTV every Tuesday on @AXSTV You can view on @IMPACTWRESTLING @Twitch as well as‚Ä¶ https://t.co/Y6Dv2QxWBM"
1349163503999975425,#IMPACTonAXSTV,2021-01-13 01:17,IMPACTWRESTLING,".@KennyOmegamanX and The Good Brothers want momentum heading into #HardToKill on Saturday.

#IMPACTonAXSTV‚Ä¶ https://t.co/Fsknh3thyI"
1349008233843724288,#IMPACTonAXSTV,2021-01-12 15:00,IMPACTWRESTLING,TODAY IS #IMPACTonAXSTV DAY! https://t.co/tX7UJ2Pfsj
1349099879331733513,#IMPACTonAXSTV,2021-01-12 21:04,DeonnaPurrazzo,#IMPACTonAXSTV TONIGHT! #HardToKill #Virtuosa üëÅ https://t.co/C7yVknL65U
1348973179767840769,#IMPACTonAXSTV,2021-01-12 12:40,The_BigLG,#WRESTLEWEEK starts today at 4pm w/ a #bfg2020 replay then a new #IMPACTonAXSTV @ 8pmEST @KennyOmegamanX‚Ä¶ https://t.co/Ub5RJZEHyp
1349006264290971652,#IMPACTonAXSTV,2021-01-12 14:52,MachineGunKA,"#WrestleWeek on @AXSTV kicks off today at 4 pm with #BFG2020 replay. 
Then tonight on #IMPACTonAXSTV , tune in to w‚Ä¶ https://t.co/VNpOvhy777"
1348492758881857536,#IMPACTonAXSTV,2021-01-11 04:51,WeAreRosemary,Tuesday.. #IMPACTonAXSTV https://t.co/4WtROJ8f4d
1348434450716237824,#IMPACTonAXSTV,2021-01-11 01:00,IMPACTWRESTLING,.@GottaGetSwann faces @MachineGunKA TUESDAY at 8/7c on @AXSTV! #IMPACTonAXSTV https://t.co/9F5WUTMGFm
1346628910549782530,#IMPACTonAXSTV,2021-01-06 01:25,IMPACTWRESTLING,".@KennyOmegamanX, @The_BigLG, @MachineGunKA and @TheDonCallis are family for life. #IMPACTonAXSTV https://t.co/OyxXODdj28"
1347007547652378625,#IMPACTonAXSTV,2021-01-07 02:30,IMPACTWRESTLING,"TUESDAY at 8/7c on @AXSTV! 

@GottaGetSwann vs. @MachineGunKA 

@TenilleDashwood vs. @WeAreRosemary 

@Kimber_Lee90‚Ä¶ https://t.co/rDdK98LW9q"
1347652019209826304,#IMPACTonAXSTV,2021-01-08 21:10,Myers_Wrestling,Thanks for the money Eddie. You just made the best decision of your life. You now have a workhorse in the prime of‚Ä¶ https://t.co/wluLA4EJQj
1346639438508679169,#IMPACTonAXSTV,2021-01-06 02:07,Myers_Wrestling,"BREAKING NEWS: 
@IMPACTWRESTLING Micro Brawlers are COMING SOON! @MajorWFPod approved.
ü§òüèª
#IMPACTonAXSTV https://t.co/OdexNy2Beq"
1346592313942880256,#IMPACTonAXSTV,2021-01-05 23:00,IMPACTWRESTLING,IMPACT is TONIGHT at 8/7c on @AXSTV! #IMPACTonAXSTV https://t.co/TXbGmIjpNB
1346625782127366147,#IMPACTonAXSTV,2021-01-06 01:13,IMPACTWRESTLING,.@Air_Blake2234 is the definition of NO LIMITS! #IMPACTonAXSTV https://t.co/LxT6RjOd5O
1346608253422206977,#IMPACTonAXSTV,2021-01-06 00:03,IMPACTWRESTLING,IMPACT is ONE HOUR AWAY on @AXSTV! #IMPACTonAXSTV https://t.co/460JrzFZeL
1346515850057154561,#IMPACTonAXSTV,2021-01-05 17:56,TheSamiCallihan,"Months of planning.

It all leads to this moment.

@TheEddieEdwards &amp; @IMPACTWRESTLING will NEVER be the same after‚Ä¶ https://t.co/USIhJuwM8R"
1346543808771727360,#IMPACTonAXSTV,2021-01-05 19:47,FearHavok,Tonight is the night to see who advances to the finals. This match is important to me for so many reasons. Jordynne‚Ä¶ https://t.co/hJAcnzkFGG
1346626249138049025,#IMPACTonAXSTV,2021-01-06 01:14,HoganKnowsBest3,I see you üî•üî• #IMPACTonAXSTV https://t.co/m4LxFNZVUi
1346487117090840578,#IMPACTonAXSTV,2021-01-05 16:01,fightnet,".@IMPACTWRESTLING TONIGHT at 8 p.m. ET on @fightnet! #IMPACTonAXSTV

@KennyOmegamanX w/ @TheDonCallis,‚Ä¶ https://t.co/5pCd1Cxwu5"
1346489623766310912,#IMPACTonAXSTV,2021-01-05 16:11,The_BigLG,#IMPACTonAXSTV Wait til you see what happens next.... https://t.co/ZwDVnEKWI0
1346504351381000192,#IMPACTonAXSTV,2021-01-05 17:10,AXSTV,We're ready. #IMPACTonAXSTV https://t.co/xQxeMJrz92
1349100521307611136,#twitterclarets,2021-01-12 21:06,jordannorth1,FYI for non @BurnleyOfficial fans who heard the extra time announcement followed by ‚Äòsponsored by GM fitted furnitu‚Ä¶ https://t.co/Ngvwefda2U
1349073793327767557,#twitterclarets,2021-01-12 19:20,ShamoonHafez,"Solskjaer: ""We need to keep going. We get Edinson Cavani back and it will be good for him to sample proper English‚Ä¶ https://t.co/EFBBeF74fs"
1349034258862661632,#PortfolioDay,2021-01-12 16:43,DaveRapoza,"videogame paintings I did

#portfolioday https://t.co/fmPAE7SjLW"
1349028424686456835,#PortfolioDay,2021-01-12 16:20,foxville_art,"‚òÄÔ∏èHi #portfolioday!

‚òÄÔ∏èI'm a character designer + illustrator &amp; available for visdev, kidlit and other illustration‚Ä¶ https://t.co/Rc6Sm2kW29"
1349100279631802369,#PortfolioDay,2021-01-12 21:05,Procreate,"It‚Äôs #PortfolioDay! ü§© We love meeting new artists and seeing how old friends have grown through these threads, so let‚Äôs start one here üëáüèº"
1348713490177945600,#PortfolioDay,2021-01-11 19:28,portfolioday,Tomorrow is #PortfolioDay! Check this thread for info: https://t.co/xPyFUEYzR1
1349050190037200903,#PortfolioDay,2021-01-12 17:46,pascalblanche,Open #PortfolioDay!  Get some extra exposition and share your portfolio. This thread is yours! https://t.co/UCUTxoF2R1
1349089136322301957,#PortfolioDay,2021-01-12 20:21,WallaBare,"i am bare and i like to take the picture üêª

#PortfolioDay https://t.co/EiOEiV7uYB"
1349161104065265670,#PortfolioDay,2021-01-13 01:07,jonimitchell,"‚ÄúWhen the world becomes a massive mess with nobody at the helm, it's time for artists to make their mark‚Äù - Joni Mi‚Ä¶ https://t.co/k3OJehB2e9"
1349049021487173632,#PortfolioDay,2021-01-12 17:42,portfolioday,Today‚Äôs #PortfolioDay and we are already seeing so many stunning portfolios! Best of luck everyone! https://t.co/xPyFUEYzR1
1348982381269680128,#PortfolioDay,2021-01-12 13:17,laufman,"#PortfolioDay I draw stuff!
 
See more of that stuff hereüëâhttps://t.co/0eqLjvQmGU https://t.co/B53R3Jp1sp"
1349074579013201920,#PortfolioDay,2021-01-12 19:23,glanderco,happy #portfolioday https://t.co/2yGI67SRly
1349007237939949568,#PortfolioDay,2021-01-12 14:56,Artyfakes,"It‚Äôs #PortfolioDay 

I‚Äôm a full time Cosplayer/Prop maker. I work with Gaming, Movie and TV companies to make props‚Ä¶ https://t.co/SJCOQF8lKK"
1349061587315908612,#PortfolioDay,2021-01-12 18:32,jonodiener,"Hi #PortfolioDay I‚Äôm Jono, a comic writer from Flint, MI!

I‚Äôm featured in Maybe Someday, Everything Is Going Wrong‚Ä¶ https://t.co/Q6bu21oUjH"
1349046111026245632,#PortfolioDay,2021-01-12 17:30,AlanZucconi,"Let's give #PortfolioDay a try! üòé

Over the past six years I published HUNDREDS of #gamedev TUTORIALS on Shader Cod‚Ä¶ https://t.co/dApE9PCg24"
1349068360386891776,#PortfolioDay,2021-01-12 18:58,rob_sheridan,"If you need a break from the doomscrolling today, dive into the #PortfolioDay hashtag to discover some fresh, inspi‚Ä¶ https://t.co/LwEvXO9HjN"
1349083178170896384,#PortfolioDay,2021-01-12 19:57,wastedwings,"Hi #PortfolioDay ! 
I‚Äôm Kelly Fitzpatrick!  
I‚Äôm a comic book colorist who has been working in the industry since 2‚Ä¶ https://t.co/zrP94kShdE"
1347649015953780737,#PortfolioDay,2021-01-08 20:58,portfolioday,The next #PortfolioDay is this coming Tuesday! Use this weekend to make sure your portfolios are in order and put y‚Ä¶ https://t.co/w09qBExks6
1346516399166869504,#PortfolioDay,2021-01-05 17:58,portfolioday,"There is one week until the next #PortfolioDay! If you are a creative looking for work now or soon, read this to fi‚Ä¶ https://t.co/V5ZHfu8gtb"
1348807944763179008,#StateofEmergency,2021-01-12 01:44,NST_Online,"#BREAKINGNEWS

#NSTnation The King has agreed to proclaim a #stateofemergency until Aug 1, or earlier should the nu‚Ä¶ https://t.co/vRwDYBE1CK"
1348813309311545350,#StateofEmergency,2021-01-12 02:05,NST_Online,#NSTnation Prime Minister Tan Sri #MuhyiddinYassin will address the nation on the proclamation of a nationwide‚Ä¶ https://t.co/eLT1NHWEix
1348852915209986058,#StateofEmergency,2021-01-12 04:42,towhey,"IF THE PREMIER declares another #StateOfEmergency, cabinet can act without legislative approval.

That makes all no‚Ä¶ https://t.co/xRPccHdpEN"
1349069802904702978,#StateofEmergency,2021-01-12 19:04,AkhilMooken,Stay at home #Ontario. Let‚Äôs get through this NOW without the need for additional restrictions. üôèüèæ #StayHome #StaySafe #StateOfEmergency
1347102180604600320,#StateofEmergency,2021-01-07 08:46,NikkeiAsia,"BREAKING | Japan PM declares COVID state of emergency targeting Tokyo nightlife
#Tokyo #StateOfEmergency #Á∑äÊÄ•‰∫ãÊÖãÂÆ£Ë®Ä
https://t.co/ydZZhtYXGw"
1346798032982069248,#StateofEmergency,2021-01-06 12:37,NikkeiAsia,"UPDATE| Japan's second COVID state of emergency: Five things to know. #Japan #stateofemergency 
https://t.co/3o9TkcyBG4"
1348771491979157505,#newsnight,2021-01-11 23:19,BBCNewsnight,"""If you look at the evidence of why people are out, by and large it's due to the fact people are going to jobs.""‚Ä¶ https://t.co/3gjuMHJbtD"
1349066068770365443,#newsnight,2021-01-12 18:49,citizentvkenya,"Uganda decides:

Tension &amp; anxiety in Uganda ahead of elections on Thursday. Uganda shuts down social media platfor‚Ä¶ https://t.co/Mf6dRl9ysy"
1348769025631907841,#newsnight,2021-01-11 23:09,BBCNewsnight,"‚ÄúOur intensive care units are at absolute breaking point.""
 
Chair of the British Association of Critical Care Nurs‚Ä¶ https://t.co/JtuVukVFiw"
1349070217553600514,#newsnight,2021-01-12 19:06,citizentvkenya,"Ozil sends masks to young Kenyan fan:

Arsenal star ships 1000 masks to 11-year old Lawrence Masira. German interna‚Ä¶ https://t.co/QMKxewm61F"
1349131028426850306,#newsnight,2021-01-12 23:07,BBCNewsnight,"""My members reported 25% of primary pupils were in schools.""
 
Joint General-Secretary of the @NEUnion Mary Bousted‚Ä¶ https://t.co/sDPiOlLrW9"
1347337322229075968,#newsnight,2021-01-08 00:20,AhirShah,The end of tonight's #Newsnight was extremely difficult to watch. Stay safe everyone https://t.co/XWfbsnTGYk
1349067034538160131,#newsnight,2021-01-12 18:53,citizentvkenya,"My funeral, my plan:

Man in Muranga writes own eulogy and builds tomb for his burial. Samuel Karanja says preparat‚Ä¶ https://t.co/3GthCSgO0g"
1346606125718892546,#newsnight,2021-01-05 23:54,BBCNewsnight,"""You shouldn't be publishing it, you have no basis to do it and I don't know how I'd sleep at night if I was someon‚Ä¶ https://t.co/vZZsYzFMB4"
1346595916866859008,#newsnight,2021-01-05 23:14,BBCNewsnight,‚ÄúThe way we stop transmission is to get people self-isolated‚Ä¶ people in deprived areas and low-paid jobs have been‚Ä¶ https://t.co/Xo78Aw68ZX
1347222457489494019,#newsnight,2021-01-07 16:43,BBCNewsnight,"On Wednesday, 53 pro-democracy activists were arrested in Hong Kong in the biggest crackdown since China imposed a‚Ä¶ https://t.co/g2E6uiDY89"
1346530390144671744,#newsnight,2021-01-05 18:53,citizentvkenya,Kimunya: BBI process has many components. People need to look at BBI from a bigger perspective‚Ä¶For anyone to start‚Ä¶ https://t.co/TKEANbzCY1
1346542058174111748,#newsnight,2021-01-05 19:40,citizentvkenya,"Kimunya: When we see senior people in govt, questioning their own decisions they have made in cabinet, trying to bl‚Ä¶ https://t.co/fs0wZLCpqR"
1346521439197917184,#newsnight,2021-01-05 18:18,citizentvkenya,"Kimunya: Kang‚Äôata Is Inexperienced:
Kimunya: Kanga‚Äôta is partly inexperienced, partly seeking attention
Kimunya: So‚Ä¶ https://t.co/MYCNRKssE1"
1349117398817894400,#MUFC,2021-01-12 22:13,ManUtd,"A @PaulPogba goal sends us to the üîù of the @PremierLeague!

üî¥ #MUFC 
#Ô∏è‚É£ #BURMUN 
üèÜ #PL
@Chevrolet"
1349131799931346944,#MUFC,2021-01-12 23:11,B_Fernandes8,+3 really important points! Keep pushing lads üôåüèªüôèüèª #MUFC  @ManUtd https://t.co/fmbk9XlIKZ
1348977025277595649,#MUFC,2021-01-12 12:56,ManUtd,"Goal no.9Ô∏è‚É£6Ô∏è‚É£ of 7Ô∏è‚É£5Ô∏è‚É£9Ô∏è‚É£ (so far) for @Cristiano! ‚öΩ

#MUFC #GoalOfTheDay https://t.co/2y3wsimY0X"
1349072441465827336,#MUFC,2021-01-12 19:15,ManUtd,"üö® All eyes on Turf Moor! üëÄ

Here's your United XI to take on Burnley üí™

üî¥ #MUFC

#Ô∏è‚É£ #BURMUN
üèÜ #PL"
1349124280097845249,#MUFC,2021-01-12 22:41,HarryMaguire93,1-0 away win... love it lads. Keep pushing üí™üî¥ #MUFC https://t.co/Yx0tj8e16B
1348677858651213826,#MUFC,2021-01-11 17:07,FabrizioRomano,The agreement has been reached between Manchester United and Bayer Leverkusen for Timothy Fosu-Mensah. Ajax were al‚Ä¶ https://t.co/Qjkpl9JIHp
1348627334232997889,#MUFC,2021-01-11 13:46,FabrizioRomano,Solskjaer: ‚ÄúJanuary window is always difficult and not many teams would like to lose their players in January... so‚Ä¶ https://t.co/6JYryma1LV
1349134814012706816,#MUFC,2021-01-12 23:23,awbissaka,Important 3 points tonight üî¥üï∏ #MUFC #AWB https://t.co/XZLwDZTIQL
1349122246900645888,#MUFC,2021-01-12 22:33,krisvoakes,#MUFC are now top of both the men's and women's top flights.
1348597909428854784,#MUFC,2021-01-11 11:49,FabrizioRomano,"Bayer Leverkusen are in advanced talks to sign Timothy Fosu-Mensah from Man Utd, as per @samuelluckhurst. There are‚Ä¶ https://t.co/2bQ2E7Se4e"
1348578660832440322,#MUFC,2021-01-11 10:33,ManUtd,"United through and through: that's our @McTominay10 üî¥‚ö™‚ö´

#MUFC https://t.co/7si9OHbEJn"
1348625710349393920,#MUFC,2021-01-11 13:40,ManUtd,"üó£Ô∏è Ole: ""We are better off than this time last season, but no-one remembers the league table in January.

""For us i‚Ä¶ https://t.co/hjT5HVAIdA"
1348546577762308098,#MUFC,2021-01-11 08:25,ManUtd,"Many happy returns, @BryanRobson! üéà

#MUFC https://t.co/FquahdHlIK"
1348567748033597443,#MUFC,2021-01-11 09:49,samuelluckhurst,Timothy Fosu-Mensah close to joining Bayer Leverkusen. Ajax have shown late interest but talks with Leverkusen are‚Ä¶ https://t.co/uESOTc1LmU
1348608094041944070,#MUFC,2021-01-11 12:30,RequestABet,"üì£ #RequestABetRewards time!

‚öΩ What was the score last time Liverpool faced Man United? #LFC #MUFC

üéÅ Answer correc‚Ä¶ https://t.co/FTTdhngd7T"
1348623308493889538,#MUFC,2021-01-11 13:30,samuelluckhurst,"Bailly, Shaw, Lindelof and Pogba have all trained ahead of Burnley #mufc https://t.co/pmsrsCZKgs"
1348535976470192128,#MUFC,2021-01-11 07:43,DomBooth19,"Sign a young RB to push Wan-Bissaka ‚úÖ
Give Tuanzebe a run of games with Maguire ‚úÖ
Loan out Brandon Williams ‚úÖ
Sell‚Ä¶ https://t.co/PdrAcwfuJy"
1348599812657131526,#MUFC,2021-01-11 11:57,SouthamptonFC,"üá∑üá∏ D U ≈† A N üá∑üá∏

#OnThisDay in 2Ô∏è‚É£0Ô∏è‚É£1Ô∏è‚É£5Ô∏è‚É£, #SaintsFC secured a memorable 1-0 win at #MUFC thanks to Du≈°an Tadiƒá's‚Ä¶ https://t.co/OYzp9Xh2Gh"
1348570018825568256,#MUFC,2021-01-11 09:58,BBCSport,"""Amad has the same DNA as the ball itself.""

Why Man Utd's signing of Amad Diallo is drawing comparisons with their‚Ä¶ https://t.co/NwE00mrDER"
1348544952691793921,#MUFC,2021-01-11 08:19,AdamCrafton_,"Burnley are Burnley again. Five clean sheets in nine PL games &amp; #mufc up next. Video analysis with James Tarkowski,‚Ä¶ https://t.co/HHqWvlvnBg"
1348527323130310657,#MUFC,2021-01-11 07:09,ManUtd,"Up next: #BURMUN üëä

#MUFC #PL https://t.co/uKMWEIhhq1"
1347211543981789186,#MUFC,2021-01-07 16:00,ManUtd,"Signed ‚úçÔ∏è
Sealed ü§ù
Delivered üëã

We are ùôôùôöùô°ùôûùôúùôùùô©ùôöùôô to confirm @AmadDiallo79's transfer to United has been finalised!

#MUFC"
1347490732198817794,#MUFC,2021-01-08 10:30,ManUtd,"ùóóùóúùóîùóü 1Ô∏è‚É£9Ô∏è‚É£ for Amad üìû

#MUFC @AmadDiallo79"
1347536768111964160,#MUFC,2021-01-08 13:32,FabrizioRomano,Solskjaer: ‚ÄúMarcos Rojo and Sergio Romero have contracts until the summer and they're not going to be extended‚Äù. Ma‚Ä¶ https://t.co/Ml07Efzu8r
1348532597693894658,#MUFC,2021-01-11 07:30,ManUtdMEN,Investment in Diallo and Pellistri shows Manchester United have learned transfer lesson #mufc  https://t.co/7CK7nQPzUJ
1347625290277801985,#MUFC,2021-01-08 19:24,FabrizioRomano,Amad Diallo has just landed in Manchester after receiving all paperworks signed. Time to start his new chapter as‚Ä¶ https://t.co/zsdynLcUk3
1347864257535340544,#MUFC,2021-01-09 11:14,LouMacari10,Just spoken to The Doc's widow Mary and she says she wants donations for his funeral to go to the Macari Centre for‚Ä¶ https://t.co/e9rXv8vEEW
1346890534435115010,#MUFC,2021-01-06 18:45,ManUtd,"üö® ùêìùêûùêöùê¶ ùêßùêûùê∞ùê¨!

üìã Ole has made 2Ô∏è‚É£ changes to our starting XI for tonight's semi-final üëä

üî¥ #MUFC
üèÜ #CarabaoCup"
1346717637582077952,#MUFC,2021-01-06 07:18,ManUtd,"üî¥ Old Trafford awaits the second Manchester derby of the season ‚Äî come on United! üëä

#MUFC #CarabaoCup"
1346557834532696066,#MUFC,2021-01-05 20:43,ManUtd,"üß§ @DeanHenderson in the #CarabaoCup this season:

3Ô∏è‚É£ appearances
3Ô∏è‚É£ clean sheets
3Ô∏è‚É£ ùó¢ùòÇùòÅùòÄùòÅùóÆùóªùó±ùó∂ùóªùó¥ ùòÄùóÆùòÉùó≤ùòÄ

#MUFC https://t.co/WI9yySJnb0"
1346536947146219520,#MUFC,2021-01-05 19:20,ManUtd,"üí¨ This message from @EricBailly24 comes straight from the heart ‚ù§Ô∏è

#MUFC https://t.co/gM8UUXodd1"
1346488377177096192,#MUFC,2021-01-05 16:07,ManUtd,"üöÄ Destination: back of the ü•Ö

#MUFC #GoalOfTheDay https://t.co/3QQOZ9YSpc"
1346547675743870977,#MUFC,2021-01-05 20:02,Anthony_Hay,I watched Man United's 26 PL penalties since Jan 2019 for @TheAthleticUK. There were a few questionable ones (mainl‚Ä¶ https://t.co/m0SfwM09es
1346505237864083459,#MUFC,2021-01-05 17:14,ManUtd,"üéôÔ∏è First press conference of 2021 ‚úÖ

#MUFC #CarabaoCup"
1346523188377903106,#MUFC,2021-01-05 18:25,FabrizioRomano,"üéß @podcastherewego

‚ö™Ô∏è David Alaba and S. Ramos updates
üîµ De Bruyne contract #mcfc, Lampard situation #cfc
üî¥ When D‚Ä¶ https://t.co/hvIGRlWHJq"
1346520056394625028,#MUFC,2021-01-05 18:12,talkSPORT,"‚ÄúIt was quite sad that he‚Äôs brought it up, because they‚Äôre now dropping points.‚Äù

‚ÄúIt‚Äôs beneath Jurgen Klopp, and i‚Ä¶ https://t.co/YDqjlaXtBI"
1346482884375240705,#MUFC,2021-01-05 15:45,ManUtdMEN,"CONMEBOL, the South American governing body, have joined calls for the English FA to overturn Edinson Cavani's puni‚Ä¶ https://t.co/vImHdAf9KG"
1346548271746056197,#MUFC,2021-01-05 20:05,TheAthleticUK,"Jurgen Klopp wasn't quite right with his Manchester United penalty statistics on Monday.

It turns out #MUFC have w‚Ä¶ https://t.co/1sl7bJZp7B"
1346492519429926914,#MUFC,2021-01-05 16:23,ManUtdMEN,South American FA make statement on Edinson Cavani over Manchester United striker's ban #mufc https://t.co/uKdtAswlFT
1346505489610227713,#MUFC,2021-01-05 17:15,BBCSport,"Jadon Sancho - the one that got away?
#mufc"
1346493488242765826,#MUFC,2021-01-05 16:27,TheSportsman,"10 Premier League titles in this picture.

@TheUnitedLink | #MUFC https://t.co/xhcqnsrGcE"
1349068630869336066,#ThisIsUs,2021-01-12 19:00,NBCThisisUs,"40 years of questions, answered. 

Don't miss an unforgettable episode of #ThisIsUs, TONIGHT at 9/8c on @NBC. https://t.co/Yk27mye8tc"
1349136578321412097,#ThisIsUs,2021-01-12 23:30,NBCThisisUs,How we're about to be during tonight's #ThisIsUs. https://t.co/e48bbOV2oI
1349184894249758720,#ThisIsUs,2021-01-13 02:42,SterlingKBrown,Y‚Äôall...#JenniferCHolmes started on #ThisIsUs with a scene on a bus! She‚Äôs now holding down her very own episode. C‚Ä¶ https://t.co/esnjomJuMr
1349183134865133568,#ThisIsUs,2021-01-13 02:35,SterlingKBrown,5 years? The consequences of some peoples bad choices have greater consequences. #ThisIsAmerica #ThisIsUs
1349178715356364800,#ThisIsUs,2021-01-13 02:17,NBCThisisUs,Anyone else feeling the spark? ü•∞ #ThisIsUs https://t.co/DeGW9CJIA7
1349060238163521541,#ThisIsUs,2021-01-12 18:26,ChrissyMetz,I get to be a full-on fan tonight as Randall finally gets answers about his family‚Äôs history üíõüçã #ThisIsUs‚Ä¶ https://t.co/02wEzY6LRS
1349124539507044352,#ThisIsUs,2021-01-12 22:42,TheMandyMoore,We are BACK tonight with the brilliant @KayOyegun at the helm (wooohoooo) and she also co-wrote this pivotal episod‚Ä¶ https://t.co/hlnHta51zQ
1349014919568629761,#ThisIsUs,2021-01-12 15:26,ThisIsUsWriters,"Episode 506 - ‚ÄúBirth Mother‚Äù written by @freboni09 and @KayOyegun and directed by @KayOyegun.

See you all tonight.‚Ä¶ https://t.co/KZTxivkoVX"
1349132346042281993,#ThisIsUs,2021-01-12 23:13,justinhartley,We got a big one for you tonight! #ThisIsUs https://t.co/yji3bH3SW9
1349164469247647746,#ThisIsUs,2021-01-13 01:20,Dan_Fogelman,"In the midst of the madness, a little story about tonight's episode of #ThisIsUs..."
1349176188992856064,#ThisIsUs,2021-01-13 02:07,SterlingKBrown,She thought she was gon‚Äô hide that hair? üòè #ThisIsUs
1348728890760445954,#ThisIsUs,2021-01-11 20:30,NBCThisisUs,.@KayOyegun gives us the inside scoop on tomorrow's #ThisIsUs and shares how her vision for the episode came to lif‚Ä¶ https://t.co/KenlWo7lTZ
1346651829040533504,#ThisIsUs,2021-01-06 02:56,SterlingKBrown,"WWRD? Ladies and gentlemen, the ultimate bumper sticker.üò¨¬†#ThisIsUs https://t.co/abGd3MRquk"
1346508253438599168,#ThisIsUs,2021-01-05 17:25,SterlingKBrown,Calling all #ThisIsUs fans far and wide.üìû We are back with new episodes TONIGHT! https://t.co/KfextCuX3X
1346598062374924294,#ThisIsUs,2021-01-05 23:22,skelechiwatson,See ya tnite? Retweet if you'll be there! #ThisIsUs https://t.co/thtLzB5tWy
1346646092666949632,#ThisIsUs,2021-01-06 02:33,NBCThisisUs,Find someone who laughs with you like Jack and Rebecca. #ThisIsUs https://t.co/9q3cGxiAfc
1346652794095210497,#ThisIsUs,2021-01-06 03:00,NBCThisisUs,He was telling the truth. #ThisIsUs https://t.co/BPLjskOMu5
1346619188224413702,#ThisIsUs,2021-01-06 00:46,SterlingKBrown,"So you saw Randall strip on the livestream¬†üò≥, but did you ever see the stage magic he made at Kate's bachelorette p‚Ä¶ https://t.co/pmmoqm0o5Y"
1346646916197720065,#ThisIsUs,2021-01-06 02:36,ChrissyMetz,"Kate wasn‚Äôt finished, Marc. ü§¨ #thisisus"
1346595849036509185,#ThisIsUs,2021-01-05 23:14,TheMandyMoore,Spoiler Alert: There's a LOT of important calls to be made in tonight's episode (and I'm not just talking phone cal‚Ä¶ https://t.co/l0NJ3W6S4R
1346603166117335040,#ThisIsUs,2021-01-05 23:43,justinhartley,All I ask is for more positive memories made between brothers...like this one for example. #ThisIsUs https://t.co/PdTIzwcM2s
1346497732425502721,#ThisIsUs,2021-01-05 16:44,TheMandyMoore,Let‚Äôs kick off the first Tuesday of the year with the Pearsons!ü§ó #ThisIsUs https://t.co/n5PsJ7D45j
1346488187850551297,#ThisIsUs,2021-01-05 16:06,HodaAndJenna,"The one and only @ChrissyMetz joins us to talk about season five of #ThisIsUs, her upcoming country album and how s‚Ä¶ https://t.co/FzrEZhzpGl"
